4,"1233 Canyon Creek Cir, College Station, TX, 77840",-96.3437,30.58759
5,"11675 Wellborn Rd, College Station, TX 77845",-96.3312,30.591579
6,"2111 Holleman Dr W, College Station, TX 77840",-96.33715,30.58771
7,"1000 George Bush Dr W, College Station, TX 77845",-96.353508,30.59672
8,"1815 Brothers Blvd, College Station, TX 77845",-96.29987,30.5978
9,"2100 Texas Ave S, College Station, TX 77840",-96.315002,30.610411
10,"1900 Texas Ave S, College Station, TX 77840",-96.318672,30.61269
11,"177 Joe Routt Blvd, College Station, TX 77840",-96.342369,30.61097
12,"505 University Dr, College Station, TX 77840",-96.34463,30.61944
13,"307 University Dr, College Station, TX 77840",-96.346451,30.61796
14,"103 College Ave, College Station, TX 77840",-96.341339,30.62274
15,"711 University Dr #200, College Station, TX 77840",-96.34329,30.62114
16,"104 College Main, College Station, TX 77840",-96.34563,30.61874
17,"203 University Dr, College Station, TX 77840",-96.34787,30.61684
18,"319 University Dr, College Station, TX 77840",-96.34601,30.61802
19,"233 Houston St, College Station, TX 77840",-96.343582,30.6164
20,"Blocker Building, 3368 TAMU, 155 Ireland St, College Station, TX 77840",-96.34206,30.61874
21,"408 Spence St, College Station, TX 77840",-96.339394,30.619049
22,"676 Lubbock St, College Station, TX 77843",-96.33803,30.61485
23,"777 Military Mall, College Station, TX 77840",-96.3255,30.61291
24,"1025 University Dr Suite 109, College Station, TX 77845",-96.33485,30.628
25,"170 Century Square Drive, Bldg. Q #11, College Station, TX 77840",-96.317307,30.59697
26,"180 Century Square Dr Ste 120, College Station, TX 77840",-96.33887,30.6268
27,"709 Texas Ave, College Station, TX 77840",-96.33269,30.62631
28,"108 Poplar St, College Station, TX 77840",-96.333473,30.627939
29,"725 E Villa Maria Rd Ste 1300, Bryan, TX 77802",-96.351959,30.64323
30,"1322 Texas Ave, Bryan, TX 77803",-96.37003,30.65864
31,"1816 S Texas Ave, Bryan, TX 77802",-96.36343,30.65225
32,"712 E Villa Maria Rd # 110, Bryan, TX 77802",-96.35236,30.645
33,"3824 S Texas Ave, Bryan, TX 77802",-96.34561,30.63644
34,"3310A E 29th St, Bryan, TX 77802",-96.3375,30.65562
35,"209 University Dr E, College Station, TX 77840",-96.33369,30.62956
36,"301 University Dr, College Station, TX 77840",-96.34682,30.61748
37,"1460 Texas Ave S, College Station, TX 77840",-96.32283,30.61673
38,"1901 Texas Ave S #B, College Station, TX 77840",-96.31667,30.61478
39,"2501 Texas Ave, College Station, TX 77840",-96.30845,30.60736
40,"2305 Longmire Dr suite 200, College Station, TX 77845",-96.30075,30.59606
1402610,"4040 Texas 6 Frontage Rd Suite 100, College Station, TX 77845",-96.20388,30.51041
1371140,"3975 Texas 6 Frontage Rd #100, College Station, TX 77845",-96.230217,30.53112
1333966,"940 University Dr E, College Station, TX 77840",-96.32399,30.63489
1317621,"1521 Texas Ave S, College Station, TX 77840",-96.32026,30.61757
1830308,"1804 Welsh Ave, College Station, TX 77840",-96.32305,30.59464
1690699,"1512 Harvey Rd, College Station, TX 77840",-96.302849,30.6276
1591803,"12601 SH 30, College Station, TX 77845",-96.24146,30.63263
1856571,"3600 S College Ave, Bryan, TX 77801",-96.35434,30.63449
1910907,"2516 Texas Ave, Bryan, TX 77802",-96.357841,30.646891
1842156,"4248 Boonville Rd, Bryan, TX 77802",-96.30471,30.66242
1661105,"201 E 24th St, Bryan, TX 77803",-96.37166,30.67517
1707979,"820 University Dr E, College Station, TX 77840",-96.32549,30.63376
1411559,"830 University Dr E #400, College Station, TX 77840",-96.32516,30.63423
1695691,"809 University Dr E, College Station, TX 77840",-96.32587,30.63551
1402670,"1727 Texas Ave S, College Station, TX 77840",-96.31926,30.61551
1232688,"1102 Harvey Rd, College Station, TX 77840",-96.30813,30.62364
1697995,"2002 Texas Ave S Ste 100, College Station, TX 77840",-96.31587,30.61202
1155873,"2501 Texas Ave S SUITE 101, College Station, TX 77840",-96.30845,30.60736
1855776,"2305 Longmire Dr Suite 100, College Station, TX 77845",-96.30075,30.59606
1865691,"11671 FM 2154 Suite #100, College Station, TX 77845",-96.32429,30.58502
1776685,"1711 Harvey Mitchell Pkwy S, College Station, TX 77840",-96.32311,30.58793
1236228,"2001 Holleman Dr W, College Station, TX 77840",-96.336594,30.589729
1802354,"1350 Harvey Mitchell Pkwy S, College Station, TX 77840",-96.34461,30.58577
1090397,"1270 Harvey Mitchell Pkwy S, College Station, TX 77840",-96.346588,30.586121
1306122,"1101 Luther St W, College Station, TX 77840",-96.34568,30.588461
1504546,"2111 Holleman Dr W, Harvey Mitchell Pkwy S, College Station, TX 77840",-96.33796,30.58677
1019306,"2300 Cottage Ln, College Station, TX 77845",-96.33869,30.5815
1959013,"3055 Holleman Dr S, College Station, TX 77845",-96.328941,30.577999
1299898,"350 Deacon Dr W, College Station, TX 77845",-96.32073,30.57234
1853333,"12755 FM 2154, College Station, TX 77845",-96.30945,30.57092
1158748,"12875 FM 2154, College Station, TX 77845",-96.30823,30.56973
1575520,"12675 FM 2154, College Station, TX 77845",-96.31076,30.57211
1802347,"3230 Texas Ave S, College Station, TX 77845",-96.29361,30.59375
1402962,"1200 Foxfire Dr, College Station, TX 77845",-96.28424,30.59826
1885036,"1006 University Dr E, College Station, TX 77840",-96.32222,30.63543
1890583,"1045 Texas Ave, College Station, TX 77840",-96.327766,30.622681
1566962,"107 College Ave, College Station, TX 77840",-96.34179,30.62272
1536798,"105 Dominik Dr, College Station, TX 77840",-96.322227,30.618679
1368977,"310 Harvey Rd, College Station, TX 77840",-96.31627,30.61693
1821264,"2323 Texas Ave S, College Station, TX 77840",-96.31137,30.60964
1808011,"111 George Bush Dr, College Station, TX 77840",-96.32279,30.61954
1567485,"1770 George Bush Dr W, College Station, TX 77845",-96.35776,30.5913
1734507,"1802 Texas Ave S, College Station, TX 77840",-96.31893,30.6142
1956230,"1801 Harvey Mitchell Pkwy S, College Station, TX 77840",-96.308548,30.59469
1930966,"19888 State Highway 6 South, College Station, TX 77845",-96.2078,30.50689
1509900,"1037 Texas Ave S, College Station, TX 77840",-96.32833,30.62295
1396885,"900 Harvey Rd ste 3-a, College Station, TX 77840",-96.30923,30.62285
1755585,"1702 George Bush Dr E, College Station, TX 77840",-96.317596,30.61754
1985121,"311 Dominik Dr, College Station, TX 77840",-96.32079,30.61989
1741444,"113 College Main, College Station, TX 77840",-96.34608,30.61861
1172296,"1505 Texas Ave S B, College Station, TX 77840",-96.32019,30.61785
1397428,"404 University Dr, College Station, TX 77840",-96.33133,30.6304
2,"430 Forest Dr, College Station, TX 77840",-96.31723,30.64038
1,"125 Spence St, College Station, TX 77843",-96.339394,30.619049
1680836,"101 Bizzell St, College Station, TX 77840",-96.33846,30.62098
1788534,"Texas A&M University, Wisenbaker Engineering Building 3128, 188 Bizzell St, College Station, TX 77843",-96.34049,30.62259
1173617,"Pavilion 468 Spence St, College Station, TX 77840",-96.3403,30.62008
1988859,"110 Nagle St #1433, College Station, TX 77840",-96.34371,30.62069
1272227,"601 University Dr Suite 103, College Station, TX 77840",-96.34407,30.61996
1173495,"300 Polo Rd Room 129, College Station, TX 77840",-96.33693,30.62308
1254772,"1099 University Dr #111, College Station, TX 77840",-96.33463,30.62893
1619826,"313 College Ave #1408, College Station, TX 77840",-96.343773,30.62372
1109287,"38 West Buckingham Ave, Crofton, MD 21114",14.391614,-89.729783
1123291,"7283 West Rocky River St, Elkridge, MD 21075",11.378141,-3.101157
1721453,"52 Charles Drive, Ronkonkoma, NY 11779",32.486376,-60.127601
1918738,"17 Riverview Street, Fremont, OH 43420",27.164646,-43.560195
1143467,"6 South Pacific St, Powhatan, VA 23139",11.363155,-32.807262
1323045,"7485 Theatre Avenue, Savah, MN 55378",3.200665,-59.342573
1955599,"889 West Hall Street, Trenton, NJ 08610",21.608208,-87.551649
1356928,"6 South Pacific St, Powhatan, VA 23139",5.297976,-25.048207
1764429,"60 Second Lane, Southaven, MS 38671",14.656209,-29.018842
1389567,"758 Highland Circle, Sioux Falls, SD 57103",30.521954,-67.631524
1538264,"70 Rosewood Rd, Woodhaven, NY 11421",23.211572,-95.402792
1276111,"8384 West Riverside St Austin, TX 77645",14.391614,-89.729783
1041299,"8738 Cambridge Road Clementon, NJ 08021",11.378141,-3.101157
1126776,"317 South Cedar Swamp St Houston, TX 77075",32.486376,-60.127601
1860416,"16 Andover Street San Antonio, TX 77312",27.164646,-43.560195
1376943,"7179 River Dr. Zionsville, TX 77849",11.363155,-32.807262
1086074,"596 Linda Dr. Baldwinsville,TX 77912",3.200665,-59.342573
1230428,"7778 Hartford Street Stratford, TX 75014",21.608208,-87.551649
1285245,"363 Riverside Street Pensacola, TX 74378",5.297976,-25.048207
1672555,"9545 North Wilson Rd. Bethlehem, TX 74714",14.656209,-29.018842
1907857,"49 Paris Hill Dr, Wasilla, AK 99654",30.521954,-67.631524
1276880,"837 Princeton St, Menomonee Falls, WI 53051",23.211572,-95.402792
1851452,"2 Westminster Street, Garland, TX 75043",14.391614,-89.729783
1400418,"780 Santa Clara Rd, Elizabeth City, NC 27909",11.378141,-3.101157
1212104,"30 Mammoth Street, Allen Park, MI 48101",32.486376,-60.127601
1880563,"166 N. Dogwood Drive, Maineville, OH 45039",27.164646,-43.560195
1286554,"22 Edgemont Court, Danbury, CT 06810",11.363155,-32.807262
1956410,"6 Griffin Drive, Sebastian, FL 32958",3.200665,-59.342573
1101275,"3 Belmont Street, Madison, AL 35758",21.608208,-87.551649
1176975,"8921 S. Bishop Rd, Tampa, FL 33604",5.297976,-25.048207
1931556,"944 North Rockledge St, Lakeland, FL 33801",14.656209,-29.018842
1554685,"2 Bowman Ave, Hudson, NH 03051",30.521954,-67.631524
1219561,"104 Baker Court, Alexandria, VA 22304",23.211572,-95.402792
1739529,"9545 North Wilson Rd. Bethlehem, TX 74714",14.391614,-89.729783
1526387,"587 Yukon Ave, Piscataway, NJ 08854",11.378141,-3.101157
1483706,"953 Thatcher Court, Basking Ridge, NJ 07920",32.486376,-60.127601
1783652,"10 Grandrose Drive, Saratoga Springs, NY 12866",27.164646,-43.560195
1545786,"7298 Airport Lane, Pewaukee, WI 53072",11.363155,-32.807262
1459087,"213 Creek Drive, Pasadena, MD 21122",3.200665,-59.342573
1038008,"45 Squaw Creek Street, Sterling Heights, MI 48310",21.608208,-87.551649
1127752,"8649 West Jennings Ave, Rockville, MD 20850",5.297976,-25.048207
0,"400 Bizzell St, College Station, TX 77843",-96.336441,30.618727
3,"756 Houston St, College Station, TX 77843",-96.341362,30.6136
